{
  "lang": "en",
  "name": "pipeline",
  "version": "0.0.0",
  "spacy_version": ">=3.8.7,<3.9.0",
  "description": "",
  "author": "",
  "email": "",
  "url": "",
  "license": "",
  "spacy_git_version": "4b65aa7",
  "vectors": {
    "width": 0,
    "vectors": 0,
    "keys": 0,
    "name": null,
    "mode": "default"
  },
  "labels": {
    "tok2vec": [],
    "ner": [
      "DATE",
      "DURATION",
      "LOCATION",
      "MISC",
      "MONEY",
      "NUMBER",
      "O",
      "ORDINAL",
      "ORGANIZATION",
      "PERCENT",
      "PERSON",
      "SET",
      "TIME"
    ]
  },
  "pipeline": [
    "tok2vec",
    "ner"
  ],
  "components": [
    "tok2vec",
    "ner"
  ],
  "disabled": [],
  "performance": {
    "ents_f": 0.9799914955858744,
    "ents_p": 0.9800411756570461,
    "ents_r": 0.9799418205511939,
    "ents_per_type": {
      "O": {
        "p": 0.9932847608132446,
        "r": 0.9923385932839411,
        "f": 0.9928114516198902
      },
      "LOCATION": {
        "p": 0.9157166770524052,
        "r": 0.9280424983902125,
        "f": 0.9218383876899612
      },
      "ORGANIZATION": {
        "p": 0.8796971858028416,
        "r": 0.8608392234052071,
        "f": 0.8701660456535107
      },
      "MISC": {
        "p": 0.8095220015945935,
        "r": 0.7930816440394272,
        "f": 0.8012174958665264
      },
      "DATE": {
        "p": 0.9765094279728271,
        "r": 0.9236728320922412,
        "f": 0.9493565410610129
      },
      "NUMBER": {
        "p": 0.9477992970478905,
        "r": 0.9807378582653595,
        "f": 0.9639872896316347
      },
      "PERSON": {
        "p": 0.9302689332395664,
        "r": 0.951803791186979,
        "f": 0.9409131602506714
      },
      "TIME": {
        "p": 0.9831688914683692,
        "r": 0.9755254822919666,
        "f": 0.9793322734499205
      },
      "MONEY": {
        "p": 0.9823720846139938,
        "r": 0.9630450194966323,
        "f": 0.9726125481070437
      },
      "ORDINAL": {
        "p": 0.9197080291970803,
        "r": 0.9707937645583229,
        "f": 0.9445606694560669
      },
      "PERCENT": {
        "p": 0.9831047992164544,
        "r": 0.9938118811881188,
        "f": 0.9884293451501723
      },
      "DURATION": {
        "p": 0.6818181818181818,
        "r": 0.03296703296703297,
        "f": 0.06289308176100629
      },
      "SET": {
        "p": 0.0,
        "r": 0.0,
        "f": 0.0
      }
    },
    "tok2vec_loss": 1026.0565331379398,
    "ner_loss": 2577.4404179892254
  }
}