{
  "lang": "en",
  "name": "pipeline",
  "version": "0.0.0",
  "spacy_version": ">=3.8.7,<3.9.0",
  "description": "",
  "author": "",
  "email": "",
  "url": "",
  "license": "",
  "spacy_git_version": "4b65aa7",
  "vectors": {
    "width": 0,
    "vectors": 0,
    "keys": 0,
    "name": null,
    "mode": "default"
  },
  "labels": {
    "tok2vec": [],
    "ner": [
      "DATE",
      "DURATION",
      "LOCATION",
      "MISC",
      "MONEY",
      "NUMBER",
      "O",
      "ORDINAL",
      "ORGANIZATION",
      "PERCENT",
      "PERSON",
      "SET",
      "TIME"
    ]
  },
  "pipeline": [
    "tok2vec",
    "ner"
  ],
  "components": [
    "tok2vec",
    "ner"
  ],
  "disabled": [],
  "performance": {
    "ents_f": 0.9795453633852087,
    "ents_p": 0.9795947797600533,
    "ents_r": 0.9794959519958031,
    "ents_per_type": {
      "O": {
        "p": 0.9930520742371876,
        "r": 0.9923157413643798,
        "f": 0.9926837712552793
      },
      "LOCATION": {
        "p": 0.9290426973057047,
        "r": 0.9171702412204666,
        "f": 0.923068295114656
      },
      "ORGANIZATION": {
        "p": 0.8601248501976496,
        "r": 0.8604634517312337,
        "f": 0.8602941176470587
      },
      "MISC": {
        "p": 0.7728261244778901,
        "r": 0.8327320066951832,
        "f": 0.8016614745586709
      },
      "DATE": {
        "p": 0.9761178861788617,
        "r": 0.9228921450876771,
        "f": 0.9487591060624769
      },
      "NUMBER": {
        "p": 0.9564587644102868,
        "r": 0.9685549652024246,
        "f": 0.9624688603829707
      },
      "PERSON": {
        "p": 0.9346155722509513,
        "r": 0.9506624652639937,
        "f": 0.942570725707257
      },
      "TIME": {
        "p": 0.9803126809496236,
        "r": 0.9749496112870717,
        "f": 0.9776237909628989
      },
      "MONEY": {
        "p": 0.9878430650211826,
        "r": 0.9505494505494505,
        "f": 0.9688375033872278
      },
      "ORDINAL": {
        "p": 0.9118283147562801,
        "r": 0.9820820641462104,
        "f": 0.9456521739130435
      },
      "PERCENT": {
        "p": 0.9900990099009901,
        "r": 0.9900990099009901,
        "f": 0.9900990099009901
      },
      "DURATION": {
        "p": 0.20588235294117646,
        "r": 0.015384615384615385,
        "f": 0.028629856850715747
      },
      "SET": {
        "p": 0.0,
        "r": 0.0,
        "f": 0.0
      }
    },
    "tok2vec_loss": 1047.1701717694466,
    "ner_loss": 1979.902133068422
  }
}